theta_accept,theta_reject,gamma,utility,mean_mcc,mean_accuracy,mean_nodes,mean_depth,mean_cr,stump_count,mean_train_ms
0.15,0.01,0.0,0.6181873216562215,0.6676556099837351,0.8296944444444444,8.6,4.25,0.3051175747558747,0,23169.01638507843
0.2,0.01,0.0,0.6181873216562215,0.6676556099837351,0.8296944444444444,8.6,4.25,0.3051175747558747,0,21861.285650730133
0.25,0.01,0.0,0.6181873216562215,0.6676556099837351,0.8296944444444444,8.6,4.25,0.3051175747558747,0,21217.437410354614
0.3,0.01,0.0,0.6181873216562215,0.6676556099837351,0.8296944444444444,8.6,4.25,0.3051175747558747,0,20112.102377414703
0.35,0.01,0.0,0.6181873216562215,0.6676556099837351,0.8296944444444444,8.6,4.25,0.3051175747558747,0,21754.68282699585
0.4,0.01,0.0,0.6181873216562215,0.6676556099837351,0.8296944444444444,8.6,4.25,0.3051175747558747,0,19892.62784719467
0.25,0.03,0.0,0.6025227186209883,0.6482016549631628,0.8134239766081872,6.1,3.3,0.24209712156781546,0,18072.45227098465
0.4,0.03,0.0,0.6025227186209883,0.6482016549631628,0.8134239766081872,6.1,3.3,0.24209712156781546,0,17313.636803627014
0.35,0.03,0.0,0.6025227186209883,0.6482016549631628,0.8134239766081872,6.1,3.3,0.24209712156781546,0,17263.818752765656
0.15,0.03,0.0,0.6025227186209883,0.6482016549631628,0.8134239766081872,6.1,3.3,0.24209712156781546,0,18155.852377414703
0.3,0.03,0.0,0.6025227186209883,0.6482016549631628,0.8134239766081872,6.1,3.3,0.24209712156781546,0,17167.790734767914
0.2,0.03,0.0,0.6025227186209883,0.6482016549631628,0.8134239766081872,6.1,3.3,0.24209712156781546,0,19038.355135917664
0.35,0.05,0.0,0.558425953825916,0.6000020519558303,0.7837456140350876,4.8,2.8,0.19703754213731373,0,18711.426424980164
0.3,0.05,0.0,0.558425953825916,0.6000020519558303,0.7837456140350876,4.8,2.8,0.19703754213731373,0,16166.244649887085
0.15,0.05,0.0,0.558425953825916,0.6000020519558303,0.7837456140350876,4.8,2.8,0.19703754213731373,0,18120.164597034454
0.2,0.05,0.0,0.558425953825916,0.6000020519558303,0.7837456140350876,4.8,2.8,0.19703754213731373,0,17917.581140995026
0.25,0.05,0.0,0.558425953825916,0.6000020519558303,0.7837456140350876,4.8,2.8,0.19703754213731373,0,17183.784353733063
0.4,0.05,0.0,0.558425953825916,0.6000020519558303,0.7837456140350876,4.8,2.8,0.19703754213731373,0,17791.072976589203
0.35,0.07,0.0,0.4881956630020239,0.5355908300701846,0.7420789473684211,4.1,2.55,0.16302416465919625,0,16566.55205488205
0.3,0.07,0.0,0.4881956630020239,0.5355908300701846,0.7420789473684211,4.1,2.55,0.16302416465919625,0,15355.42824268341
0.4,0.07,0.0,0.4881956630020239,0.5355908300701846,0.7420789473684211,4.1,2.55,0.16302416465919625,0,16828.680193424225
0.2,0.07,0.0,0.4881956630020239,0.5355908300701846,0.7420789473684211,4.1,2.55,0.16302416465919625,0,16627.94452905655
0.15,0.07,0.0,0.4881956630020239,0.5355908300701846,0.7420789473684211,4.1,2.55,0.16302416465919625,0,17383.113050460815
0.25,0.07,0.0,0.4881956630020239,0.5355908300701846,0.7420789473684211,4.1,2.55,0.16302416465919625,0,16456.535530090332
0.25,0.1,0.0,0.40376350673621203,0.45710603975468767,0.71025,3.4,2.2,0.13328733490762176,0,13725.50323009491
0.2,0.1,0.0,0.40376350673621203,0.45710603975468767,0.71025,3.4,2.2,0.13328733490762176,0,14696.86758518219
0.15,0.1,0.0,0.40376350673621203,0.45710603975468767,0.71025,3.4,2.2,0.13328733490762176,0,15388.975739479065
0.4,0.1,0.0,0.40376350673621203,0.45710603975468767,0.71025,3.4,2.2,0.13328733490762176,0,14339.058291912079
0.35,0.1,0.0,0.40376350673621203,0.45710603975468767,0.71025,3.4,2.2,0.13328733490762176,0,15058.979558944702
0.3,0.1,0.0,0.40376350673621203,0.45710603975468767,0.71025,3.4,2.2,0.13328733490762176,0,13553.502452373505
0.3,0.12,0.0,0.3829387378600798,0.4379206151408505,0.7019166666666667,3.3,2.15,0.12509061359614637,0,14053.753197193146
0.2,0.12,0.0,0.3829387378600798,0.4379206151408505,0.7019166666666667,3.3,2.15,0.12509061359614637,0,14201.602280139923
0.15,0.12,0.0,0.3829387378600798,0.4379206151408505,0.7019166666666667,3.3,2.15,0.12509061359614637,0,14779.257571697235
0.25,0.12,0.0,0.3829387378600798,0.4379206151408505,0.7019166666666667,3.3,2.15,0.12509061359614637,0,13434.68816280365
0.4,0.12,0.0,0.3829387378600798,0.4379206151408505,0.7019166666666667,3.3,2.15,0.12509061359614637,0,13470.49320936203
0.35,0.12,0.0,0.3829387378600798,0.4379206151408505,0.7019166666666667,3.3,2.15,0.12509061359614637,0,14023.137950897217
0.2,0.03,0.1,0.18072498671974874,0.485727167824004,0.7200906432748538,4.3,2.5,0.17908745513446106,1,17930.4953455925
0.35,0.03,0.1,0.18072498671974874,0.485727167824004,0.7200906432748538,4.3,2.5,0.17908745513446106,1,17203.101408481598
0.25,0.03,0.1,0.18072498671974874,0.485727167824004,0.7200906432748538,4.3,2.5,0.17908745513446106,1,17061.500883102417
0.4,0.03,0.1,0.18072498671974874,0.485727167824004,0.7200906432748538,4.3,2.5,0.17908745513446106,1,16716.781294345856
0.3,0.03,0.1,0.18072498671974874,0.485727167824004,0.7200906432748538,4.3,2.5,0.17908745513446106,1,16635.303139686584
0.15,0.03,0.1,0.18072498671974874,0.485727167824004,0.7200906432748538,4.3,2.5,0.17908745513446106,1,16560.07480621338
0.4,0.01,0.15,0.18023036854085514,0.485727167824004,0.7200906432748538,5.8,3.1,0.19300780686294383,1,17541.926622390747
0.3,0.01,0.15,0.18023036854085514,0.485727167824004,0.7200906432748538,5.8,3.1,0.19300780686294383,1,18047.89892435074
0.35,0.01,0.15,0.18023036854085514,0.485727167824004,0.7200906432748538,5.8,3.1,0.19300780686294383,1,19527.737021446228
0.25,0.01,0.15,0.18023036854085514,0.485727167824004,0.7200906432748538,5.8,3.1,0.19300780686294383,1,18861.817014217377
0.2,0.01,0.15,0.18023036854085514,0.485727167824004,0.7200906432748538,5.8,3.1,0.19300780686294383,1,19980.090260505676
0.15,0.01,0.15,0.18023036854085514,0.485727167824004,0.7200906432748538,5.8,3.1,0.19300780686294383,1,20460.32830476761
0.25,0.01,0.2,0.17982153779678314,0.485727167824004,0.7200906432748538,5.3,2.9,0.19096365314258407,1,18270.395398139954
0.3,0.01,0.2,0.17982153779678314,0.485727167824004,0.7200906432748538,5.3,2.9,0.19096365314258407,1,17946.723866462708
0.35,0.01,0.2,0.17982153779678314,0.485727167824004,0.7200906432748538,5.3,2.9,0.19096365314258407,1,18959.65474843979
0.4,0.01,0.2,0.17982153779678314,0.485727167824004,0.7200906432748538,5.3,2.9,0.19096365314258407,1,17429.11046743393
0.15,0.01,0.2,0.17982153779678314,0.485727167824004,0.7200906432748538,5.3,2.9,0.19096365314258407,1,20518.20615530014
0.2,0.01,0.2,0.17982153779678314,0.485727167824004,0.7200906432748538,5.3,2.9,0.19096365314258407,1,19696.11715078354
0.2,0.01,0.3,0.1794127070527112,0.485727167824004,0.7200906432748538,4.8,2.7,0.1889194994222243,1,18979.95858192444
0.35,0.01,0.3,0.1794127070527112,0.485727167824004,0.7200906432748538,4.8,2.7,0.1889194994222243,1,16822.73417711258
0.4,0.01,0.3,0.1794127070527112,0.485727167824004,0.7200906432748538,4.8,2.7,0.1889194994222243,1,16468.3411359787
0.25,0.01,0.3,0.1794127070527112,0.485727167824004,0.7200906432748538,4.8,2.7,0.1889194994222243,1,17429.22488451004
0.3,0.01,0.3,0.1794127070527112,0.485727167824004,0.7200906432748538,4.8,2.7,0.1889194994222243,1,16973.716139793396
0.15,0.01,0.3,0.1794127070527112,0.485727167824004,0.7200906432748538,4.8,2.7,0.1889194994222243,1,17396.474540233612
0.3,0.01,0.1,0.17875980488438328,0.4836842411258314,0.7198406432748538,6.5,3.4,0.1958696220714475,1,17958.955454826355
0.35,0.01,0.1,0.17875980488438328,0.4836842411258314,0.7198406432748538,6.5,3.4,0.1958696220714475,1,19771.56755924225
0.25,0.01,0.1,0.17875980488438328,0.4836842411258314,0.7198406432748538,6.5,3.4,0.1958696220714475,1,19202.327859401703
0.15,0.01,0.1,0.17875980488438328,0.4836842411258314,0.7198406432748538,6.5,3.4,0.1958696220714475,1,21056.50362968445
0.2,0.01,0.1,0.17875980488438328,0.4836842411258314,0.7198406432748538,6.5,3.4,0.1958696220714475,1,19413.67679834366
0.4,0.01,0.1,0.17875980488438328,0.4836842411258314,0.7198406432748538,6.5,3.4,0.1958696220714475,1,17676.37459039688
0.15,0.01,0.4,0.1436803644757233,0.44343744819783576,0.6950906432748538,4.4,2.55,0.15613261417632265,1,17547.325015068054
0.25,0.01,0.4,0.1436803644757233,0.44343744819783576,0.6950906432748538,4.4,2.55,0.15613261417632265,1,17611.33940219879
0.3,0.01,0.4,0.1436803644757233,0.44343744819783576,0.6950906432748538,4.4,2.55,0.15613261417632265,1,16884.88255739212
0.35,0.01,0.4,0.1436803644757233,0.44343744819783576,0.6950906432748538,4.4,2.55,0.15613261417632265,1,16866.64650440216
0.4,0.01,0.4,0.1436803644757233,0.44343744819783576,0.6950906432748538,4.4,2.55,0.15613261417632265,1,16434.59436893463
0.2,0.01,0.4,0.1436803644757233,0.44343744819783576,0.6950906432748538,4.4,2.55,0.15613261417632265,1,19081.317627429962
0.25,0.01,0.5,0.08974593824621507,0.3934374481978358,0.6645350877192983,4.1,2.45,0.13154245024189642,1,17207.39780664444
0.2,0.01,0.5,0.08974593824621507,0.3934374481978358,0.6645350877192983,4.1,2.45,0.13154245024189642,1,17853.605568408966
0.15,0.01,0.5,0.08974593824621507,0.3934374481978358,0.6645350877192983,4.1,2.45,0.13154245024189642,1,17097.55653142929
0.4,0.01,0.5,0.08974593824621507,0.3934374481978358,0.6645350877192983,4.1,2.45,0.13154245024189642,1,16513.614451885223
0.35,0.01,0.5,0.08974593824621507,0.3934374481978358,0.6645350877192983,4.1,2.45,0.13154245024189642,1,16499.538135528564
0.3,0.01,0.5,0.08974593824621507,0.3934374481978358,0.6645350877192983,4.1,2.45,0.13154245024189642,1,16447.583997249603
0.2,0.03,0.15,0.08941887365095752,0.3934374481978358,0.6645350877192983,3.7,2.3,0.1299071272656086,1,17556.145465373993
0.4,0.03,0.2,0.08941887365095752,0.3934374481978358,0.6645350877192983,3.7,2.3,0.1299071272656086,1,15629.465460777283
0.4,0.03,0.15,0.08941887365095752,0.3934374481978358,0.6645350877192983,3.7,2.3,0.1299071272656086,1,16203.120458126068
0.35,0.03,0.15,0.08941887365095752,0.3934374481978358,0.6645350877192983,3.7,2.3,0.1299071272656086,1,16792.470729351044
0.3,0.03,0.15,0.08941887365095752,0.3934374481978358,0.6645350877192983,3.7,2.3,0.1299071272656086,1,16066.248428821564
0.3,0.03,0.2,0.08941887365095752,0.3934374481978358,0.6645350877192983,3.7,2.3,0.1299071272656086,1,15646.269929409027
0.35,0.03,0.2,0.08941887365095752,0.3934374481978358,0.6645350877192983,3.7,2.3,0.1299071272656086,1,17012.580347061157
0.15,0.03,0.15,0.08941887365095752,0.3934374481978358,0.6645350877192983,3.7,2.3,0.1299071272656086,1,16118.528974056244
0.25,0.03,0.15,0.08941887365095752,0.3934374481978358,0.6645350877192983,3.7,2.3,0.1299071272656086,1,16625.10759830475
0.2,0.03,0.2,0.08941887365095752,0.3934374481978358,0.6645350877192983,3.7,2.3,0.1299071272656086,1,17043.699300289154
0.15,0.03,0.2,0.08941887365095752,0.3934374481978358,0.6645350877192983,3.7,2.3,0.1299071272656086,1,16419.994831085205
0.25,0.03,0.2,0.08941887365095752,0.3934374481978358,0.6645350877192983,3.7,2.3,0.1299071272656086,1,16918.177485466003
0.4,0.05,0.1,0.06702552368895197,0.3731163429310257,0.6487456140350878,3.5,2.25,0.11954590378963102,1,17555.952632427216
0.3,0.05,0.1,0.06702552368895197,0.3731163429310257,0.6487456140350878,3.5,2.25,0.11954590378963102,1,15872.871696949005
0.35,0.05,0.1,0.06702552368895197,0.3731163429310257,0.6487456140350878,3.5,2.25,0.11954590378963102,1,17915.281689167023
0.25,0.05,0.1,0.06702552368895197,0.3731163429310257,0.6487456140350878,3.5,2.25,0.11954590378963102,1,16469.615626335144
0.2,0.05,0.1,0.06702552368895197,0.3731163429310257,0.6487456140350878,3.5,2.25,0.11954590378963102,1,17217.59465932846
0.15,0.05,0.1,0.06702552368895197,0.3731163429310257,0.6487456140350878,3.5,2.25,0.11954590378963102,1,17315.99187850952
0.25,0.05,0.15,0.033769609205241274,0.34313911697190524,0.634856725146199,3.3,2.15,0.1031524611666802,1,16106.728315353394
0.15,0.05,0.15,0.033769609205241274,0.34313911697190524,0.634856725146199,3.3,2.15,0.1031524611666802,1,17249.51868057251
0.2,0.05,0.15,0.033769609205241274,0.34313911697190524,0.634856725146199,3.3,2.15,0.1031524611666802,1,16978.420054912567
0.4,0.05,0.15,0.033769609205241274,0.34313911697190524,0.634856725146199,3.3,2.15,0.1031524611666802,1,17236.110711097717
0.35,0.05,0.15,0.033769609205241274,0.34313911697190524,0.634856725146199,3.3,2.15,0.1031524611666802,1,16298.26283454895
0.3,0.05,0.15,0.033769609205241274,0.34313911697190524,0.634856725146199,3.3,2.15,0.1031524611666802,1,15569.426774978638
0.15,0.03,0.3,-0.009529612900134876,0.30070569573232997,0.6199444444444444,3.1,2.05,0.09882345683767588,1,14481.474077701569
0.35,0.03,0.3,-0.009529612900134876,0.30070569573232997,0.6199444444444444,3.1,2.05,0.09882345683767588,1,14806.825470924377
0.4,0.03,0.3,-0.009529612900134876,0.30070569573232997,0.6199444444444444,3.1,2.05,0.09882345683767588,1,13934.7949385643
0.25,0.03,0.3,-0.009529612900134876,0.30070569573232997,0.6199444444444444,3.1,2.05,0.09882345683767588,1,14892.977547645569
0.3,0.03,0.3,-0.009529612900134876,0.30070569573232997,0.6199444444444444,3.1,2.05,0.09882345683767588,1,13983.396756649017
0.2,0.03,0.3,-0.009529612900134876,0.30070569573232997,0.6199444444444444,3.1,2.05,0.09882345683767588,1,15390.839898586273
0.3,0.07,0.1,-0.011027205482538688,0.2993716354475549,0.6196944444444445,2.9,1.95,0.09800579534953197,1,13736.11466884613
0.35,0.07,0.1,-0.011027205482538688,0.2993716354475549,0.6196944444444445,2.9,1.95,0.09800579534953197,1,14614.58877325058
0.25,0.07,0.1,-0.011027205482538688,0.2993716354475549,0.6196944444444445,2.9,1.95,0.09800579534953197,1,14563.117778301239
0.2,0.07,0.1,-0.011027205482538688,0.2993716354475549,0.6196944444444445,2.9,1.95,0.09800579534953197,1,14839.33391571045
0.15,0.07,0.1,-0.011027205482538688,0.2993716354475549,0.6196944444444445,2.9,1.95,0.09800579534953197,1,15525.279438495636
0.4,0.07,0.1,-0.011027205482538688,0.2993716354475549,0.6196944444444445,2.9,1.95,0.09800579534953197,1,15139.874720573425
0.4,0.05,0.2,-0.03673380887058826,0.2767801882864668,0.6088333333333333,2.9,1.95,0.08243001421472507,1,15478.345084190369
0.35,0.05,0.2,-0.03673380887058826,0.2767801882864668,0.6088333333333333,2.9,1.95,0.08243001421472507,1,14560.328805446625
0.3,0.05,0.2,-0.03673380887058826,0.2767801882864668,0.6088333333333333,2.9,1.95,0.08243001421472507,1,13922.646582126617
0.25,0.05,0.2,-0.03673380887058826,0.2767801882864668,0.6088333333333333,2.9,1.95,0.08243001421472507,1,14622.498846054077
0.15,0.05,0.2,-0.03673380887058826,0.2767801882864668,0.6088333333333333,2.9,1.95,0.08243001421472507,1,15655.02895116806
0.2,0.05,0.2,-0.03673380887058826,0.2767801882864668,0.6088333333333333,2.9,1.95,0.08243001421472507,1,15332.018172740936
0.25,0.03,0.4,-0.03823140145299207,0.27544612800169166,0.6085833333333334,2.7,1.85,0.08161235272658116,1,14469.49359178543
0.25,0.07,0.15,-0.03823140145299207,0.27544612800169166,0.6085833333333334,2.7,1.85,0.08161235272658116,1,14369.279313087463
0.25,0.07,0.2,-0.03823140145299207,0.27544612800169166,0.6085833333333334,2.7,1.85,0.08161235272658116,1,13904.350447654724
0.15,0.07,0.2,-0.03823140145299207,0.27544612800169166,0.6085833333333334,2.7,1.85,0.08161235272658116,1,15020.707654953003
0.4,0.03,0.4,-0.03823140145299207,0.27544612800169166,0.6085833333333334,2.7,1.85,0.08161235272658116,1,13732.297909259796
0.4,0.07,0.2,-0.03823140145299207,0.27544612800169166,0.6085833333333334,2.7,1.85,0.08161235272658116,1,14966.73288345337
0.4,0.05,0.3,-0.03823140145299207,0.27544612800169166,0.6085833333333334,2.7,1.85,0.08161235272658116,1,14984.134888648987
0.4,0.07,0.15,-0.03823140145299207,0.27544612800169166,0.6085833333333334,2.7,1.85,0.08161235272658116,1,15157.52170085907
0.35,0.07,0.15,-0.03823140145299207,0.27544612800169166,0.6085833333333334,2.7,1.85,0.08161235272658116,1,14521.979987621307
0.35,0.07,0.2,-0.03823140145299207,0.27544612800169166,0.6085833333333334,2.7,1.85,0.08161235272658116,1,14242.844498157501
0.3,0.05,0.3,-0.03823140145299207,0.27544612800169166,0.6085833333333334,2.7,1.85,0.08161235272658116,1,13489.831578731537
0.3,0.07,0.15,-0.03823140145299207,0.27544612800169166,0.6085833333333334,2.7,1.85,0.08161235272658116,1,13742.672848701477
0.15,0.03,0.4,-0.03823140145299207,0.27544612800169166,0.6085833333333334,2.7,1.85,0.08161235272658116,1,15277.572417259216
0.15,0.05,0.3,-0.03823140145299207,0.27544612800169166,0.6085833333333334,2.7,1.85,0.08161235272658116,1,15413.530802726746
0.2,0.03,0.4,-0.03823140145299207,0.27544612800169166,0.6085833333333334,2.7,1.85,0.08161235272658116,1,15057.645046710968
0.15,0.07,0.15,-0.03823140145299207,0.27544612800169166,0.6085833333333334,2.7,1.85,0.08161235272658116,1,15220.843350887299
0.3,0.03,0.4,-0.03823140145299207,0.27544612800169166,0.6085833333333334,2.7,1.85,0.08161235272658116,1,13808.784532546997
0.35,0.05,0.3,-0.03823140145299207,0.27544612800169166,0.6085833333333334,2.7,1.85,0.08161235272658116,1,14428.68036031723
0.35,0.03,0.4,-0.03823140145299207,0.27544612800169166,0.6085833333333334,2.7,1.85,0.08161235272658116,1,15834.077548980713
0.3,0.07,0.2,-0.03823140145299207,0.27544612800169166,0.6085833333333334,2.7,1.85,0.08161235272658116,1,13612.76650428772
0.25,0.05,0.3,-0.03823140145299207,0.27544612800169166,0.6085833333333334,2.7,1.85,0.08161235272658116,1,14422.884058952332
0.2,0.07,0.15,-0.03823140145299207,0.27544612800169166,0.6085833333333334,2.7,1.85,0.08161235272658116,1,14849.96075630188
0.2,0.05,0.3,-0.03823140145299207,0.27544612800169166,0.6085833333333334,2.7,1.85,0.08161235272658116,1,14532.964026927948
0.2,0.07,0.2,-0.03823140145299207,0.27544612800169166,0.6085833333333334,2.7,1.85,0.08161235272658116,1,14781.39615058899
0.35,0.03,0.5,-0.08362172912401443,0.23092160119647023,0.5919166666666666,2.5,1.75,0.07728334839757682,1,14112.586116790771
0.25,0.03,0.5,-0.08362172912401443,0.23092160119647023,0.5919166666666666,2.5,1.75,0.07728334839757682,1,12803.082346916199
0.2,0.03,0.5,-0.08362172912401443,0.23092160119647023,0.5919166666666666,2.5,1.75,0.07728334839757682,1,13586.500215530396
0.15,0.03,0.5,-0.08362172912401443,0.23092160119647023,0.5919166666666666,2.5,1.75,0.07728334839757682,1,13523.396670818329
0.4,0.03,0.5,-0.08362172912401443,0.23092160119647023,0.5919166666666666,2.5,1.75,0.07728334839757682,1,11936.467564105988
0.3,0.03,0.5,-0.08362172912401443,0.23092160119647023,0.5919166666666666,2.5,1.75,0.07728334839757682,1,12074.426519870758
0.2,0.1,0.1,-0.31734720944402234,0.2496090085352516,0.5974722222222222,2.5,1.75,0.06521891010363033,2,14559.259378910065
0.3,0.1,0.1,-0.31734720944402234,0.2496090085352516,0.5974722222222222,2.5,1.75,0.06521891010363033,2,13473.312079906464
0.4,0.1,0.1,-0.31734720944402234,0.2496090085352516,0.5974722222222222,2.5,1.75,0.06521891010363033,2,14282.924222946167
0.35,0.1,0.1,-0.31734720944402234,0.2496090085352516,0.5974722222222222,2.5,1.75,0.06521891010363033,2,14782.854557037354
0.25,0.1,0.1,-0.31734720944402234,0.2496090085352516,0.5974722222222222,2.5,1.75,0.06521891010363033,2,13381.450366973877
0.15,0.1,0.1,-0.31734720944402234,0.2496090085352516,0.5974722222222222,2.5,1.75,0.06521891010363033,2,15098.45142364502
0.35,0.12,0.1,-0.3627375371150447,0.20508448173003013,0.5808055555555556,2.3,1.65,0.060889905774626,2,12524.785876274109
0.3,0.12,0.1,-0.3627375371150447,0.20508448173003013,0.5808055555555556,2.3,1.65,0.060889905774626,2,12518.650007247925
0.3,0.1,0.15,-0.3627375371150447,0.20508448173003013,0.5808055555555556,2.3,1.65,0.060889905774626,2,11868.854403495789
0.4,0.1,0.15,-0.3627375371150447,0.20508448173003013,0.5808055555555556,2.3,1.65,0.060889905774626,2,11988.57342004776
0.25,0.1,0.15,-0.3627375371150447,0.20508448173003013,0.5808055555555556,2.3,1.65,0.060889905774626,2,11943.546986579895
0.25,0.12,0.1,-0.3627375371150447,0.20508448173003013,0.5808055555555556,2.3,1.65,0.060889905774626,2,11790.342593193054
0.35,0.1,0.15,-0.3627375371150447,0.20508448173003013,0.5808055555555556,2.3,1.65,0.060889905774626,2,13271.062362194061
0.4,0.12,0.1,-0.3627375371150447,0.20508448173003013,0.5808055555555556,2.3,1.65,0.060889905774626,2,12054.376363754272
0.15,0.1,0.15,-0.3627375371150447,0.20508448173003013,0.5808055555555556,2.3,1.65,0.060889905774626,2,13604.65111732483
0.15,0.12,0.1,-0.3627375371150447,0.20508448173003013,0.5808055555555556,2.3,1.65,0.060889905774626,2,13249.780285358429
0.2,0.1,0.15,-0.3627375371150447,0.20508448173003013,0.5808055555555556,2.3,1.65,0.060889905774626,2,12547.316694259644
0.2,0.12,0.1,-0.3627375371150447,0.20508448173003013,0.5808055555555556,2.3,1.65,0.060889905774626,2,12727.514159679413
0.15,0.05,0.4,-0.41177050270512383,0.15691731700575184,0.5623845029239767,2.1,1.55,0.05656090144562167,2,12046.748805046082
0.15,0.07,0.4,-0.41177050270512383,0.15691731700575184,0.5623845029239767,2.1,1.55,0.05656090144562167,2,11766.51508808136
0.15,0.07,0.3,-0.41177050270512383,0.15691731700575184,0.5623845029239767,2.1,1.55,0.05656090144562167,2,11706.259298324585
0.15,0.1,0.2,-0.41177050270512383,0.15691731700575184,0.5623845029239767,2.1,1.55,0.05656090144562167,2,11964.175832271576
0.25,0.05,0.4,-0.41177050270512383,0.15691731700575184,0.5623845029239767,2.1,1.55,0.05656090144562167,2,11205.80643415451
0.25,0.05,0.5,-0.41177050270512383,0.15691731700575184,0.5623845029239767,2.1,1.55,0.05656090144562167,2,11201.85227394104
0.15,0.12,0.15,-0.41177050270512383,0.15691731700575184,0.5623845029239767,2.1,1.55,0.05656090144562167,2,11772.227990627289
0.15,0.05,0.5,-0.41177050270512383,0.15691731700575184,0.5623845029239767,2.1,1.55,0.05656090144562167,2,11981.058883666992
0.3,0.07,0.3,-0.41177050270512383,0.15691731700575184,0.5623845029239767,2.1,1.55,0.05656090144562167,2,10388.25113773346
0.4,0.07,0.3,-0.41177050270512383,0.15691731700575184,0.5623845029239767,2.1,1.55,0.05656090144562167,2,11500.30208826065
0.2,0.05,0.5,-0.41177050270512383,0.15691731700575184,0.5623845029239767,2.1,1.55,0.05656090144562167,2,11383.045732975006
0.2,0.07,0.3,-0.41177050270512383,0.15691731700575184,0.5623845029239767,2.1,1.55,0.05656090144562167,2,11508.552730083466
0.25,0.07,0.4,-0.41177050270512383,0.15691731700575184,0.5623845029239767,2.1,1.55,0.05656090144562167,2,10686.882042884827
0.25,0.07,0.3,-0.41177050270512383,0.15691731700575184,0.5623845029239767,2.1,1.55,0.05656090144562167,2,10649.253046512604
0.2,0.12,0.15,-0.41177050270512383,0.15691731700575184,0.5623845029239767,2.1,1.55,0.05656090144562167,2,11103.614163398743
0.2,0.1,0.2,-0.41177050270512383,0.15691731700575184,0.5623845029239767,2.1,1.55,0.05656090144562167,2,11178.972220420837
0.2,0.07,0.4,-0.41177050270512383,0.15691731700575184,0.5623845029239767,2.1,1.55,0.05656090144562167,2,11651.986801624298
0.2,0.05,0.4,-0.41177050270512383,0.15691731700575184,0.5623845029239767,2.1,1.55,0.05656090144562167,2,11281.304669380188
0.25,0.1,0.2,-0.41177050270512383,0.15691731700575184,0.5623845029239767,2.1,1.55,0.05656090144562167,2,10559.837543964386
0.25,0.12,0.15,-0.41177050270512383,0.15691731700575184,0.5623845029239767,2.1,1.55,0.05656090144562167,2,10317.061603069305
0.35,0.12,0.15,-0.41177050270512383,0.15691731700575184,0.5623845029239767,2.1,1.55,0.05656090144562167,2,10999.396896362305
0.4,0.12,0.15,-0.41177050270512383,0.15691731700575184,0.5623845029239767,2.1,1.55,0.05656090144562167,2,10461.154592037201
0.35,0.07,0.3,-0.41177050270512383,0.15691731700575184,0.5623845029239767,2.1,1.55,0.05656090144562167,2,10854.711711406708
0.35,0.05,0.5,-0.41177050270512383,0.15691731700575184,0.5623845029239767,2.1,1.55,0.05656090144562167,2,11121.708726882935
0.4,0.1,0.2,-0.41177050270512383,0.15691731700575184,0.5623845029239767,2.1,1.55,0.05656090144562167,2,10399.61405992508
0.4,0.07,0.4,-0.41177050270512383,0.15691731700575184,0.5623845029239767,2.1,1.55,0.05656090144562167,2,11001.762223243713
0.4,0.05,0.4,-0.41177050270512383,0.15691731700575184,0.5623845029239767,2.1,1.55,0.05656090144562167,2,11638.577163219452
0.4,0.05,0.5,-0.41177050270512383,0.15691731700575184,0.5623845029239767,2.1,1.55,0.05656090144562167,2,11813.139879703522
0.35,0.1,0.2,-0.41177050270512383,0.15691731700575184,0.5623845029239767,2.1,1.55,0.05656090144562167,2,11774.748754501343
0.35,0.07,0.4,-0.41177050270512383,0.15691731700575184,0.5623845029239767,2.1,1.55,0.05656090144562167,2,10807.789242267609
0.3,0.12,0.15,-0.41177050270512383,0.15691731700575184,0.5623845029239767,2.1,1.55,0.05656090144562167,2,10865.528404712677
0.3,0.05,0.4,-0.41177050270512383,0.15691731700575184,0.5623845029239767,2.1,1.55,0.05656090144562167,2,10431.028831005096
0.3,0.07,0.4,-0.41177050270512383,0.15691731700575184,0.5623845029239767,2.1,1.55,0.05656090144562167,2,10286.842048168182
0.3,0.1,0.2,-0.41177050270512383,0.15691731700575184,0.5623845029239767,2.1,1.55,0.05656090144562167,2,10292.178905010223
0.3,0.05,0.5,-0.41177050270512383,0.15691731700575184,0.5623845029239767,2.1,1.55,0.05656090144562167,2,10574.108684062958
0.35,0.05,0.4,-0.41177050270512383,0.15691731700575184,0.5623845029239767,2.1,1.55,0.05656090144562167,2,11187.475907802582
0.15,0.1,0.3,-0.4118522688539382,0.15691731700575184,0.5623845029239767,2.0,1.5,0.05615207070154971,2,11628.653359413147
0.15,0.12,0.2,-0.4118522688539382,0.15691731700575184,0.5623845029239767,2.0,1.5,0.05615207070154971,2,11784.363043308258
0.2,0.1,0.3,-0.4118522688539382,0.15691731700575184,0.5623845029239767,2.0,1.5,0.05615207070154971,2,10976.110446453094
0.2,0.12,0.2,-0.4118522688539382,0.15691731700575184,0.5623845029239767,2.0,1.5,0.05615207070154971,2,10692.311263084412
0.25,0.1,0.3,-0.4118522688539382,0.15691731700575184,0.5623845029239767,2.0,1.5,0.05615207070154971,2,10293.771088123322
0.25,0.12,0.2,-0.4118522688539382,0.15691731700575184,0.5623845029239767,2.0,1.5,0.05615207070154971,2,10294.723188877106
0.4,0.1,0.3,-0.4118522688539382,0.15691731700575184,0.5623845029239767,2.0,1.5,0.05615207070154971,2,10425.37888288498
0.4,0.12,0.2,-0.4118522688539382,0.15691731700575184,0.5623845029239767,2.0,1.5,0.05615207070154971,2,10133.24465751648
0.3,0.12,0.2,-0.4118522688539382,0.15691731700575184,0.5623845029239767,2.0,1.5,0.05615207070154971,2,10697.176659107208
0.3,0.1,0.3,-0.4118522688539382,0.15691731700575184,0.5623845029239767,2.0,1.5,0.05615207070154971,2,10332.495331764221
0.35,0.1,0.3,-0.4118522688539382,0.15691731700575184,0.5623845029239767,2.0,1.5,0.05615207070154971,2,10912.996447086334
0.35,0.12,0.2,-0.4118522688539382,0.15691731700575184,0.5623845029239767,2.0,1.5,0.05615207070154971,2,10966.693127155304
0.15,0.1,0.4,-0.45539626756628093,0.11423911915920999,0.5474722222222222,1.8,1.4,0.05182306637254539,2,9879.315960407257
0.15,0.12,0.5,-0.45539626756628093,0.11423911915920999,0.5474722222222222,1.8,1.4,0.05182306637254539,2,10047.951781749725
0.15,0.12,0.3,-0.45539626756628093,0.11423911915920999,0.5474722222222222,1.8,1.4,0.05182306637254539,2,9917.563140392303
0.15,0.1,0.5,-0.45539626756628093,0.11423911915920999,0.5474722222222222,1.8,1.4,0.05182306637254539,2,9831.100940704346
0.25,0.12,0.3,-0.45539626756628093,0.11423911915920999,0.5474722222222222,1.8,1.4,0.05182306637254539,2,8712.22538948059
0.25,0.1,0.5,-0.45539626756628093,0.11423911915920999,0.5474722222222222,1.8,1.4,0.05182306637254539,2,8635.969018936157
0.25,0.1,0.4,-0.45539626756628093,0.11423911915920999,0.5474722222222222,1.8,1.4,0.05182306637254539,2,8688.627409934998
0.25,0.07,0.5,-0.45539626756628093,0.11423911915920999,0.5474722222222222,1.8,1.4,0.05182306637254539,2,8993.448114395142
0.2,0.12,0.5,-0.45539626756628093,0.11423911915920999,0.5474722222222222,1.8,1.4,0.05182306637254539,2,9308.055257797241
0.2,0.12,0.4,-0.45539626756628093,0.11423911915920999,0.5474722222222222,1.8,1.4,0.05182306637254539,2,9394.053280353546
0.2,0.12,0.3,-0.45539626756628093,0.11423911915920999,0.5474722222222222,1.8,1.4,0.05182306637254539,2,9288.610708713531
0.2,0.1,0.5,-0.45539626756628093,0.11423911915920999,0.5474722222222222,1.8,1.4,0.05182306637254539,2,9247.635781764984
0.2,0.1,0.4,-0.45539626756628093,0.11423911915920999,0.5474722222222222,1.8,1.4,0.05182306637254539,2,9277.850270271301
0.2,0.07,0.5,-0.45539626756628093,0.11423911915920999,0.5474722222222222,1.8,1.4,0.05182306637254539,2,9690.956556797028
0.15,0.07,0.5,-0.45539626756628093,0.11423911915920999,0.5474722222222222,1.8,1.4,0.05182306637254539,2,9902.344739437103
0.15,0.12,0.4,-0.45539626756628093,0.11423911915920999,0.5474722222222222,1.8,1.4,0.05182306637254539,2,10024.045884609222
0.3,0.12,0.4,-0.45539626756628093,0.11423911915920999,0.5474722222222222,1.8,1.4,0.05182306637254539,2,9192.591381072998
0.25,0.12,0.5,-0.45539626756628093,0.11423911915920999,0.5474722222222222,1.8,1.4,0.05182306637254539,2,9271.286034584045
0.25,0.12,0.4,-0.45539626756628093,0.11423911915920999,0.5474722222222222,1.8,1.4,0.05182306637254539,2,9190.841805934906
0.3,0.07,0.5,-0.45539626756628093,0.11423911915920999,0.5474722222222222,1.8,1.4,0.05182306637254539,2,8707.384371757507
0.3,0.1,0.5,-0.45539626756628093,0.11423911915920999,0.5474722222222222,1.8,1.4,0.05182306637254539,2,9131.089532375336
0.3,0.12,0.5,-0.45539626756628093,0.11423911915920999,0.5474722222222222,1.8,1.4,0.05182306637254539,2,9016.495656967163
0.3,0.12,0.3,-0.45539626756628093,0.11423911915920999,0.5474722222222222,1.8,1.4,0.05182306637254539,2,9109.989655017853
0.3,0.1,0.4,-0.45539626756628093,0.11423911915920999,0.5474722222222222,1.8,1.4,0.05182306637254539,2,8709.697830677032
0.35,0.1,0.4,-0.45539626756628093,0.11423911915920999,0.5474722222222222,1.8,1.4,0.05182306637254539,2,9336.804950237274
0.35,0.07,0.5,-0.45539626756628093,0.11423911915920999,0.5474722222222222,1.8,1.4,0.05182306637254539,2,8986.853420734406
0.35,0.12,0.4,-0.45539626756628093,0.11423911915920999,0.5474722222222222,1.8,1.4,0.05182306637254539,2,8797.268640995026
0.35,0.1,0.5,-0.45539626756628093,0.11423911915920999,0.5474722222222222,1.8,1.4,0.05182306637254539,2,9298.990213871002
0.35,0.12,0.5,-0.45539626756628093,0.11423911915920999,0.5474722222222222,1.8,1.4,0.05182306637254539,2,8900.570273399353
0.35,0.12,0.3,-0.45539626756628093,0.11423911915920999,0.5474722222222222,1.8,1.4,0.05182306637254539,2,9268.866443634033
0.4,0.1,0.4,-0.45539626756628093,0.11423911915920999,0.5474722222222222,1.8,1.4,0.05182306637254539,2,8782.51621723175
0.4,0.07,0.5,-0.45539626756628093,0.11423911915920999,0.5474722222222222,1.8,1.4,0.05182306637254539,2,9355.671858787537
0.4,0.1,0.5,-0.45539626756628093,0.11423911915920999,0.5474722222222222,1.8,1.4,0.05182306637254539,2,8769.622492790222
0.4,0.12,0.3,-0.45539626756628093,0.11423911915920999,0.5474722222222222,1.8,1.4,0.05182306637254539,2,8579.866480827332
0.4,0.12,0.4,-0.45539626756628093,0.11423911915920999,0.5474722222222222,1.8,1.4,0.05182306637254539,2,8653.634536266327
0.4,0.12,0.5,-0.45539626756628093,0.11423911915920999,0.5474722222222222,1.8,1.4,0.05182306637254539,2,8497.433066368103
